--
-- PostgreSQL database dump
--

-- Dumped from database version 9.6.1
-- Dumped by pg_dump version 9.6.1

SET statement_timeout = 0;
SET lock_timeout = 0;
SET idle_in_transaction_session_timeout = 0;
SET client_encoding = 'UTF8';
SET standard_conforming_strings = on;
SET check_function_bodies = false;
SET client_min_messages = warning;
SET row_security = off;

--
-- Name: plpgsql; Type: EXTENSION; Schema: -; Owner: 
--

CREATE EXTENSION IF NOT EXISTS plpgsql WITH SCHEMA pg_catalog;


--
-- Name: EXTENSION plpgsql; Type: COMMENT; Schema: -; Owner: 
--

COMMENT ON EXTENSION plpgsql IS 'PL/pgSQL procedural language';


SET search_path = public, pg_catalog;

SET default_tablespace = '';

SET default_with_oids = false;

--
-- Name: acl_class; Type: TABLE; Schema: public; Owner: postgres
--

CREATE TABLE acl_class (
    id bigint NOT NULL,
    class character varying(100) NOT NULL
);


ALTER TABLE acl_class OWNER TO postgres;

--
-- Name: acl_class_id_seq; Type: SEQUENCE; Schema: public; Owner: postgres
--

CREATE SEQUENCE acl_class_id_seq
    START WITH 1
    INCREMENT BY 1
    NO MINVALUE
    NO MAXVALUE
    CACHE 1;


ALTER TABLE acl_class_id_seq OWNER TO postgres;

--
-- Name: acl_class_id_seq; Type: SEQUENCE OWNED BY; Schema: public; Owner: postgres
--

ALTER SEQUENCE acl_class_id_seq OWNED BY acl_class.id;


--
-- Name: acl_entry; Type: TABLE; Schema: public; Owner: postgres
--

CREATE TABLE acl_entry (
    id bigint NOT NULL,
    acl_object_identity bigint NOT NULL,
    ace_order integer NOT NULL,
    sid bigint NOT NULL,
    mask integer NOT NULL,
    granting boolean NOT NULL,
    audit_success boolean NOT NULL,
    audit_failure boolean NOT NULL
);


ALTER TABLE acl_entry OWNER TO postgres;

--
-- Name: acl_entry_id_seq; Type: SEQUENCE; Schema: public; Owner: postgres
--

CREATE SEQUENCE acl_entry_id_seq
    START WITH 1
    INCREMENT BY 1
    NO MINVALUE
    NO MAXVALUE
    CACHE 1;


ALTER TABLE acl_entry_id_seq OWNER TO postgres;

--
-- Name: acl_entry_id_seq; Type: SEQUENCE OWNED BY; Schema: public; Owner: postgres
--

ALTER SEQUENCE acl_entry_id_seq OWNED BY acl_entry.id;


--
-- Name: acl_object_identity; Type: TABLE; Schema: public; Owner: postgres
--

CREATE TABLE acl_object_identity (
    id bigint NOT NULL,
    object_id_class bigint NOT NULL,
    object_id_identity bigint NOT NULL,
    parent_object bigint,
    owner_sid bigint,
    entries_inheriting boolean NOT NULL
);


ALTER TABLE acl_object_identity OWNER TO postgres;

--
-- Name: acl_object_identity_id_seq; Type: SEQUENCE; Schema: public; Owner: postgres
--

CREATE SEQUENCE acl_object_identity_id_seq
    START WITH 1
    INCREMENT BY 1
    NO MINVALUE
    NO MAXVALUE
    CACHE 1;


ALTER TABLE acl_object_identity_id_seq OWNER TO postgres;

--
-- Name: acl_object_identity_id_seq; Type: SEQUENCE OWNED BY; Schema: public; Owner: postgres
--

ALTER SEQUENCE acl_object_identity_id_seq OWNED BY acl_object_identity.id;


--
-- Name: acl_sid; Type: TABLE; Schema: public; Owner: postgres
--

CREATE TABLE acl_sid (
    id bigint NOT NULL,
    principal boolean NOT NULL,
    sid character varying(100) NOT NULL
);


ALTER TABLE acl_sid OWNER TO postgres;

--
-- Name: acl_sid_id_seq; Type: SEQUENCE; Schema: public; Owner: postgres
--

CREATE SEQUENCE acl_sid_id_seq
    START WITH 1
    INCREMENT BY 1
    NO MINVALUE
    NO MAXVALUE
    CACHE 1;


ALTER TABLE acl_sid_id_seq OWNER TO postgres;

--
-- Name: acl_sid_id_seq; Type: SEQUENCE OWNED BY; Schema: public; Owner: postgres
--

ALTER SEQUENCE acl_sid_id_seq OWNED BY acl_sid.id;


--
-- Name: active_web_socket_user; Type: TABLE; Schema: public; Owner: postgres
--

CREATE TABLE active_web_socket_user (
    id character varying(255) NOT NULL,
    connection_time timestamp without time zone,
    username character varying(255)
);


ALTER TABLE active_web_socket_user OWNER TO postgres;

--
-- Name: admin_post; Type: TABLE; Schema: public; Owner: postgres
--

CREATE TABLE admin_post (
    id bigint NOT NULL,
    created timestamp without time zone,
    updated timestamp without time zone,
    title character varying(255)
);


ALTER TABLE admin_post OWNER TO postgres;

--
-- Name: custom_oauth_client_details; Type: TABLE; Schema: public; Owner: postgres
--

CREATE TABLE custom_oauth_client_details (
    id bigint NOT NULL,
    created timestamp without time zone,
    updated timestamp without time zone,
    client_id character varying(255) NOT NULL,
    client_secret character varying(255) NOT NULL,
    scopes character varying(255)
);


ALTER TABLE custom_oauth_client_details OWNER TO postgres;

--
-- Name: hibernate_sequence; Type: SEQUENCE; Schema: public; Owner: postgres
--

CREATE SEQUENCE hibernate_sequence
    START WITH 1
    INCREMENT BY 1
    NO MINVALUE
    NO MAXVALUE
    CACHE 1;


ALTER TABLE hibernate_sequence OWNER TO postgres;

--
-- Name: oauth_access_token; Type: TABLE; Schema: public; Owner: postgres
--

CREATE TABLE oauth_access_token (
    token_id character varying(256),
    token bytea,
    authentication_id character varying(256),
    user_name character varying(256),
    client_id character varying(256),
    authentication bytea,
    refresh_token character varying(256)
);


ALTER TABLE oauth_access_token OWNER TO postgres;

--
-- Name: oauth_refresh_token; Type: TABLE; Schema: public; Owner: postgres
--

CREATE TABLE oauth_refresh_token (
    token_id character varying(256),
    token bytea,
    authentication bytea
);


ALTER TABLE oauth_refresh_token OWNER TO postgres;

--
-- Name: personal_post; Type: TABLE; Schema: public; Owner: postgres
--

CREATE TABLE personal_post (
    id bigint NOT NULL,
    created timestamp without time zone,
    updated timestamp without time zone,
    title character varying(255)
);


ALTER TABLE personal_post OWNER TO postgres;

--
-- Name: public_post; Type: TABLE; Schema: public; Owner: postgres
--

CREATE TABLE public_post (
    id bigint NOT NULL,
    created timestamp without time zone,
    updated timestamp without time zone,
    title character varying(255)
);


ALTER TABLE public_post OWNER TO postgres;

--
-- Name: role; Type: TABLE; Schema: public; Owner: postgres
--

CREATE TABLE role (
    id bigint NOT NULL,
    created timestamp without time zone,
    updated timestamp without time zone,
    name character varying(255) NOT NULL
);


ALTER TABLE role OWNER TO postgres;

--
-- Name: user_role; Type: TABLE; Schema: public; Owner: postgres
--

CREATE TABLE user_role (
    user_id bigint NOT NULL,
    role_id bigint NOT NULL
);


ALTER TABLE user_role OWNER TO postgres;

--
-- Name: user_table; Type: TABLE; Schema: public; Owner: postgres
--

CREATE TABLE user_table (
    id bigint NOT NULL,
    created timestamp without time zone,
    updated timestamp without time zone,
    login character varying(255) NOT NULL,
    name character varying(255) NOT NULL,
    password character varying(255) NOT NULL
);


ALTER TABLE user_table OWNER TO postgres;

--
-- Name: acl_class id; Type: DEFAULT; Schema: public; Owner: postgres
--

ALTER TABLE ONLY acl_class ALTER COLUMN id SET DEFAULT nextval('acl_class_id_seq'::regclass);


--
-- Name: acl_entry id; Type: DEFAULT; Schema: public; Owner: postgres
--

ALTER TABLE ONLY acl_entry ALTER COLUMN id SET DEFAULT nextval('acl_entry_id_seq'::regclass);


--
-- Name: acl_object_identity id; Type: DEFAULT; Schema: public; Owner: postgres
--

ALTER TABLE ONLY acl_object_identity ALTER COLUMN id SET DEFAULT nextval('acl_object_identity_id_seq'::regclass);


--
-- Name: acl_sid id; Type: DEFAULT; Schema: public; Owner: postgres
--

ALTER TABLE ONLY acl_sid ALTER COLUMN id SET DEFAULT nextval('acl_sid_id_seq'::regclass);


--
-- Name: 80338; Type: BLOB; Schema: -; Owner: postgres
--

SELECT pg_catalog.lo_create('80338');


ALTER LARGE OBJECT 80338 OWNER TO postgres;

--
-- Data for Name: acl_class; Type: TABLE DATA; Schema: public; Owner: postgres
--

COPY acl_class (id, class) FROM stdin;
1	io.github.pivopil.share.entities.impl.domain.AdminPost
2	io.github.pivopil.share.entities.impl.domain.PersonalPost
3	io.github.pivopil.share.entities.impl.domain.PublicPost
\.


--
-- Name: acl_class_id_seq; Type: SEQUENCE SET; Schema: public; Owner: postgres
--

SELECT pg_catalog.setval('acl_class_id_seq', 1, false);


--
-- Data for Name: acl_entry; Type: TABLE DATA; Schema: public; Owner: postgres
--

COPY acl_entry (id, acl_object_identity, ace_order, sid, mask, granting, audit_success, audit_failure) FROM stdin;
1	1	1	1	1	t	t	t
2	2	1	1	1	t	t	t
3	3	1	1	1	t	t	t
4	1	2	1	2	t	t	t
5	2	2	1	2	t	t	t
6	3	2	1	2	t	t	t
7	4	1	1	1	t	t	t
8	5	1	1	1	t	t	t
9	6	1	1	1	t	t	t
10	7	1	1	1	t	t	t
11	8	1	1	1	t	t	t
12	9	1	1	1	t	t	t
13	7	2	1	2	t	t	t
14	8	2	1	2	t	t	t
15	9	2	1	2	t	t	t
28	4	3	2	1	t	t	t
29	5	3	2	1	t	t	t
30	6	3	2	1	t	t	t
31	4	4	2	2	t	t	t
32	5	4	2	2	t	t	t
33	6	4	2	2	t	t	t
34	7	3	2	1	t	t	t
35	8	3	2	1	t	t	t
36	9	3	2	1	t	t	t
37	7	4	2	2	t	t	t
38	8	4	2	2	t	t	t
39	9	4	2	2	t	t	t
40	7	5	3	1	t	t	t
41	8	5	3	1	t	t	t
42	9	5	3	1	t	t	t
\.


--
-- Name: acl_entry_id_seq; Type: SEQUENCE SET; Schema: public; Owner: postgres
--

SELECT pg_catalog.setval('acl_entry_id_seq', 1, false);


--
-- Data for Name: acl_object_identity; Type: TABLE DATA; Schema: public; Owner: postgres
--

COPY acl_object_identity (id, object_id_class, object_id_identity, parent_object, owner_sid, entries_inheriting) FROM stdin;
1	1	1	\N	1	f
2	1	2	\N	1	f
3	1	3	\N	1	f
4	2	1	\N	1	f
5	2	2	\N	1	f
6	2	3	\N	1	f
7	3	1	\N	1	f
8	3	2	\N	1	f
9	3	3	\N	1	f
\.


--
-- Name: acl_object_identity_id_seq; Type: SEQUENCE SET; Schema: public; Owner: postgres
--

SELECT pg_catalog.setval('acl_object_identity_id_seq', 1, false);


--
-- Data for Name: acl_sid; Type: TABLE DATA; Schema: public; Owner: postgres
--

COPY acl_sid (id, principal, sid) FROM stdin;
1	t	admin
2	t	user
3	t	visitor
\.


--
-- Name: acl_sid_id_seq; Type: SEQUENCE SET; Schema: public; Owner: postgres
--

SELECT pg_catalog.setval('acl_sid_id_seq', 1, false);


--
-- Data for Name: active_web_socket_user; Type: TABLE DATA; Schema: public; Owner: postgres
--

COPY active_web_socket_user (id, connection_time, username) FROM stdin;
eb52wza1	2016-11-14 10:27:00.174	user
vvblkn2q	2016-11-15 16:41:07.963	admin
g0glh1ap	2016-11-15 19:49:18.054	admin
\.


--
-- Data for Name: admin_post; Type: TABLE DATA; Schema: public; Owner: postgres
--

COPY admin_post (id, created, updated, title) FROM stdin;
1	\N	\N	Custom post #1 from admin
2	\N	\N	Custom post #2 from admin
3	\N	\N	Custom post #3 from admin
\.


--
-- Data for Name: custom_oauth_client_details; Type: TABLE DATA; Schema: public; Owner: postgres
--

COPY custom_oauth_client_details (id, created, updated, client_id, client_secret, scopes) FROM stdin;
1	\N	\N	clientapp	$2a$13$m3lV588ApKfBP9LN3YJ7HOfWJ7g2Qg630IJN1jvPhdHju7bSBjwtS	read,write
\.


--
-- Name: hibernate_sequence; Type: SEQUENCE SET; Schema: public; Owner: postgres
--

SELECT pg_catalog.setval('hibernate_sequence', 3, true);


--
-- Data for Name: oauth_access_token; Type: TABLE DATA; Schema: public; Owner: postgres
--

COPY oauth_access_token (token_id, token, authentication_id, user_name, client_id, authentication, refresh_token) FROM stdin;
4a7404cb74a9bd20a991ac39c440fdd6	\\xaced0005737200436f72672e737072696e676672616d65776f726b2e73656375726974792e6f61757468322e636f6d6d6f6e2e44656661756c744f4175746832416363657373546f6b656e0cb29e361b24face0200064c00156164646974696f6e616c496e666f726d6174696f6e74000f4c6a6176612f7574696c2f4d61703b4c000a65787069726174696f6e7400104c6a6176612f7574696c2f446174653b4c000c72656672657368546f6b656e74003f4c6f72672f737072696e676672616d65776f726b2f73656375726974792f6f61757468322f636f6d6d6f6e2f4f417574683252656672657368546f6b656e3b4c000573636f706574000f4c6a6176612f7574696c2f5365743b4c0009746f6b656e547970657400124c6a6176612f6c616e672f537472696e673b4c000576616c756571007e000578707372001e6a6176612e7574696c2e436f6c6c656374696f6e7324456d7074794d6170593614855adce7d002000078707372000e6a6176612e7574696c2e44617465686a81014b59741903000078707708000001589d37dbc2787372004c6f72672e737072696e676672616d65776f726b2e73656375726974792e6f61757468322e636f6d6d6f6e2e44656661756c744578706972696e674f417574683252656672657368546f6b656e2fdf47639dd0c9b70200014c000a65787069726174696f6e71007e0002787200446f72672e737072696e676672616d65776f726b2e73656375726974792e6f61757468322e636f6d6d6f6e2e44656661756c744f417574683252656672657368546f6b656e73e10e0a6354d45e0200014c000576616c756571007e0005787074002464646363653461662d613530322d346432332d616331352d3561336262316434336365337371007e0009770800000159352375c278737200256a6176612e7574696c2e436f6c6c656374696f6e7324556e6d6f6469666961626c65536574801d92d18f9b80550200007872002c6a6176612e7574696c2e436f6c6c656374696f6e7324556e6d6f6469666961626c65436f6c6c656374696f6e19420080cb5ef71e0200014c0001637400164c6a6176612f7574696c2f436f6c6c656374696f6e3b7870737200176a6176612e7574696c2e4c696e6b656448617368536574d86cd75a95dd2a1e020000787200116a6176612e7574696c2e48617368536574ba44859596b8b7340300007870770c000000103f400000000000027400047265616474000577726974657874000662656172657274002436316136363139382d643235632d346464662d616263632d613535643039323537616163	3a467ad52b818b71522d3645f565bb9e	user	clientapp	\\xaced0005737200416f72672e737072696e676672616d65776f726b2e73656375726974792e6f61757468322e70726f76696465722e4f417574683241757468656e7469636174696f6ebd400b02166252130200024c000d73746f7265645265717565737474003c4c6f72672f737072696e676672616d65776f726b2f73656375726974792f6f61757468322f70726f76696465722f4f4175746832526571756573743b4c00127573657241757468656e7469636174696f6e7400324c6f72672f737072696e676672616d65776f726b2f73656375726974792f636f72652f41757468656e7469636174696f6e3b787200476f72672e737072696e676672616d65776f726b2e73656375726974792e61757468656e7469636174696f6e2e416273747261637441757468656e7469636174696f6e546f6b656ed3aa287e6e47640e0200035a000d61757468656e746963617465644c000b617574686f7269746965737400164c6a6176612f7574696c2f436f6c6c656374696f6e3b4c000764657461696c737400124c6a6176612f6c616e672f4f626a6563743b787000737200266a6176612e7574696c2e436f6c6c656374696f6e7324556e6d6f6469666961626c654c697374fc0f2531b5ec8e100200014c00046c6973747400104c6a6176612f7574696c2f4c6973743b7872002c6a6176612e7574696c2e436f6c6c656374696f6e7324556e6d6f6469666961626c65436f6c6c656374696f6e19420080cb5ef71e0200014c00016371007e00047870737200136a6176612e7574696c2e41727261794c6973747881d21d99c7619d03000149000473697a657870000000027704000000027372002a696f2e6769746875622e7069766f70696c2e73686172652e656e7469746965732e696d706c2e526f6c6500000000000000010200024c00046e616d657400124c6a6176612f6c616e672f537472696e673b4c0005757365727374000f4c6a6176612f7574696c2f5365743b7870740009524f4c455f555345527372002f6f72672e68696265726e6174652e636f6c6c656374696f6e2e696e7465726e616c2e50657273697374656e7453657486e4fda1f2eee0af0200014c000373657471007e000f7872003e6f72672e68696265726e6174652e636f6c6c656374696f6e2e696e7465726e616c2e416273747261637450657273697374656e74436f6c6c656374696f6e627400d05f55733c02000a5a001b616c6c6f774c6f61644f7574736964655472616e73616374696f6e49000a63616368656453697a655a000564697274795a000b696e697469616c697a65645a000d697354656d7053657373696f6e4c00036b65797400164c6a6176612f696f2f53657269616c697a61626c653b4c00056f776e657271007e00054c0004726f6c6571007e000e4c001273657373696f6e466163746f72795575696471007e000e4c000e73746f726564536e617073686f7471007e0014787001ffffffff0000007372000e6a6176612e6c616e672e4c6f6e673b8be490cc8f23df0200014a000576616c7565787200106a6176612e6c616e672e4e756d62657286ac951d0b94e08b0200007870000000000000000171007e0010740030696f2e6769746875622e7069766f70696c2e73686172652e656e7469746965732e696d706c2e526f6c652e757365727374002435646461313835612d656632652d343237312d393138342d39623430633861386534653370707371007e000d74000a524f4c455f41444d494e7371007e001201ffffffff0000007371007e0016000000000000000271007e001b71007e001971007e001a70707871007e000c707372003a6f72672e737072696e676672616d65776f726b2e73656375726974792e6f61757468322e70726f76696465722e4f41757468325265717565737400000000000000010200075a0008617070726f7665644c000b617574686f72697469657371007e00044c000a657874656e73696f6e7374000f4c6a6176612f7574696c2f4d61703b4c000b726564697265637455726971007e000e4c00077265667265736874003b4c6f72672f737072696e676672616d65776f726b2f73656375726974792f6f61757468322f70726f76696465722f546f6b656e526571756573743b4c000b7265736f7572636549647371007e000f4c000d726573706f6e7365547970657371007e000f787200386f72672e737072696e676672616d65776f726b2e73656375726974792e6f61757468322e70726f76696465722e426173655265717565737436287a3ea37169bd0200034c0008636c69656e74496471007e000e4c001172657175657374506172616d657465727371007e00204c000573636f706571007e000f7870740009636c69656e74617070737200256a6176612e7574696c2e436f6c6c656374696f6e7324556e6d6f6469666961626c654d6170f1a5a8fe74f507420200014c00016d71007e00207870737200116a6176612e7574696c2e486173684d61700507dac1c31660d103000246000a6c6f6164466163746f724900097468726573686f6c6478703f400000000000067708000000080000000474000a6772616e745f7479706574000870617373776f7264740009636c69656e745f6964740009636c69656e7461707074000573636f706574000a72656164207772697465740008757365726e616d657400047573657278737200256a6176612e7574696c2e436f6c6c656374696f6e7324556e6d6f6469666961626c65536574801d92d18f9b80550200007871007e0009737200176a6176612e7574696c2e4c696e6b656448617368536574d86cd75a95dd2a1e020000787200116a6176612e7574696c2e48617368536574ba44859596b8b7340300007870770c000000103f4000000000000274000472656164740005777269746578017371007e0034770c000000103f40000000000001737200426f72672e737072696e676672616d65776f726b2e73656375726974792e636f72652e617574686f726974792e53696d706c654772616e746564417574686f72697479000000000000019a0200014c0004726f6c6571007e000e7870740009524f4c455f55534552787371007e00273f40000000000000770800000010000000007870707371007e0034770c000000103f40000000000000787371007e0034770c000000103f40000000000000787372004f6f72672e737072696e676672616d65776f726b2e73656375726974792e61757468656e7469636174696f6e2e557365726e616d6550617373776f726441757468656e7469636174696f6e546f6b656e000000000000019a0200024c000b63726564656e7469616c7371007e00054c00097072696e636970616c71007e00057871007e0003017371007e00077371007e000b0000000277040000000271007e001071007e001b7871007e0042737200176a6176612e7574696c2e4c696e6b6564486173684d617034c04e5c106cc0fb0200015a000b6163636573734f726465727871007e00273f4000000000000c7708000000100000000571007e002971007e002a71007e002d71007e002e74000d636c69656e745f73656372657474000561646d696e71007e002b71007e002c71007e002f71007e003078007073720052696f2e6769746875622e7069766f70696c2e726573742e73657276696365732e437573746f6d5573657244657461696c735365727669636524557365725265706f7369746f72795573657244657461696c7300000000000000010200007872002a696f2e6769746875622e7069766f70696c2e73686172652e656e7469746965732e696d706c2e5573657259b5776be96056b00200044c00056c6f67696e71007e000e4c00046e616d6571007e000e4c000870617373776f726471007e000e4c0005726f6c657371007e000f7870740004757365727400047573657274003c243261243133246d336c5635383841704b664250394c4e33594a37484f66574a3767325167363330494a4e316a76506864486a75376253426a7774537371007e001201ffffffff0001007371007e001600000000000000047371007e004871007e004a71007e004b71007e004c71007e004d740030696f2e6769746875622e7069766f70696c2e73686172652e656e7469746965732e696d706c2e557365722e726f6c657371007e001a7371007e00273f400000000000037708000000040000000271007e001071007e001071007e001b71007e001b787371007e0034770c000000103f4000000000000271007e001071007e001b78	19839c11a7c87bd396e2ca8f656bc7d6
2d86bf7edf506ef2948441f82548ceb6	\\xaced0005737200436f72672e737072696e676672616d65776f726b2e73656375726974792e6f61757468322e636f6d6d6f6e2e44656661756c744f4175746832416363657373546f6b656e0cb29e361b24face0200064c00156164646974696f6e616c496e666f726d6174696f6e74000f4c6a6176612f7574696c2f4d61703b4c000a65787069726174696f6e7400104c6a6176612f7574696c2f446174653b4c000c72656672657368546f6b656e74003f4c6f72672f737072696e676672616d65776f726b2f73656375726974792f6f61757468322f636f6d6d6f6e2f4f417574683252656672657368546f6b656e3b4c000573636f706574000f4c6a6176612f7574696c2f5365743b4c0009746f6b656e547970657400124c6a6176612f6c616e672f537472696e673b4c000576616c756571007e000578707372001e6a6176612e7574696c2e436f6c6c656374696f6e7324456d7074794d6170593614855adce7d002000078707372000e6a6176612e7574696c2e44617465686a81014b59741903000078707708000001589d404c3c787372004c6f72672e737072696e676672616d65776f726b2e73656375726974792e6f61757468322e636f6d6d6f6e2e44656661756c744578706972696e674f417574683252656672657368546f6b656e2fdf47639dd0c9b70200014c000a65787069726174696f6e71007e0002787200446f72672e737072696e676672616d65776f726b2e73656375726974792e6f61757468322e636f6d6d6f6e2e44656661756c744f417574683252656672657368546f6b656e73e10e0a6354d45e0200014c000576616c756571007e0005787074002434646639316365332d373537622d346432312d613137312d6130333633623765326530317371007e0009770800000159352be63b78737200256a6176612e7574696c2e436f6c6c656374696f6e7324556e6d6f6469666961626c65536574801d92d18f9b80550200007872002c6a6176612e7574696c2e436f6c6c656374696f6e7324556e6d6f6469666961626c65436f6c6c656374696f6e19420080cb5ef71e0200014c0001637400164c6a6176612f7574696c2f436f6c6c656374696f6e3b7870737200176a6176612e7574696c2e4c696e6b656448617368536574d86cd75a95dd2a1e020000787200116a6176612e7574696c2e48617368536574ba44859596b8b7340300007870770c000000103f400000000000027400047265616474000577726974657874000662656172657274002462663936656162312d396131612d343537322d616263342d636636393337316431343563	1e48b66719deae09a39143879a4b762e	admin	clientapp	\\xaced0005737200416f72672e737072696e676672616d65776f726b2e73656375726974792e6f61757468322e70726f76696465722e4f417574683241757468656e7469636174696f6ebd400b02166252130200024c000d73746f7265645265717565737474003c4c6f72672f737072696e676672616d65776f726b2f73656375726974792f6f61757468322f70726f76696465722f4f4175746832526571756573743b4c00127573657241757468656e7469636174696f6e7400324c6f72672f737072696e676672616d65776f726b2f73656375726974792f636f72652f41757468656e7469636174696f6e3b787200476f72672e737072696e676672616d65776f726b2e73656375726974792e61757468656e7469636174696f6e2e416273747261637441757468656e7469636174696f6e546f6b656ed3aa287e6e47640e0200035a000d61757468656e746963617465644c000b617574686f7269746965737400164c6a6176612f7574696c2f436f6c6c656374696f6e3b4c000764657461696c737400124c6a6176612f6c616e672f4f626a6563743b787000737200266a6176612e7574696c2e436f6c6c656374696f6e7324556e6d6f6469666961626c654c697374fc0f2531b5ec8e100200014c00046c6973747400104c6a6176612f7574696c2f4c6973743b7872002c6a6176612e7574696c2e436f6c6c656374696f6e7324556e6d6f6469666961626c65436f6c6c656374696f6e19420080cb5ef71e0200014c00016371007e00047870737200136a6176612e7574696c2e41727261794c6973747881d21d99c7619d03000149000473697a657870000000027704000000027372002a696f2e6769746875622e7069766f70696c2e73686172652e656e7469746965732e696d706c2e526f6c6500000000000000010200024c00046e616d657400124c6a6176612f6c616e672f537472696e673b4c0005757365727374000f4c6a6176612f7574696c2f5365743b7870740009524f4c455f555345527372002f6f72672e68696265726e6174652e636f6c6c656374696f6e2e696e7465726e616c2e50657273697374656e7453657486e4fda1f2eee0af0200014c000373657471007e000f7872003e6f72672e68696265726e6174652e636f6c6c656374696f6e2e696e7465726e616c2e416273747261637450657273697374656e74436f6c6c656374696f6e627400d05f55733c02000a5a001b616c6c6f774c6f61644f7574736964655472616e73616374696f6e49000a63616368656453697a655a000564697274795a000b696e697469616c697a65645a000d697354656d7053657373696f6e4c00036b65797400164c6a6176612f696f2f53657269616c697a61626c653b4c00056f776e657271007e00054c0004726f6c6571007e000e4c001273657373696f6e466163746f72795575696471007e000e4c000e73746f726564536e617073686f7471007e0014787001ffffffff0000007372000e6a6176612e6c616e672e4c6f6e673b8be490cc8f23df0200014a000576616c7565787200106a6176612e6c616e672e4e756d62657286ac951d0b94e08b0200007870000000000000000171007e0010740030696f2e6769746875622e7069766f70696c2e73686172652e656e7469746965732e696d706c2e526f6c652e757365727374002438366466623666362d316566372d346531632d383137312d63613435326264623739373070707371007e000d74000a524f4c455f41444d494e7371007e001201ffffffff0000007371007e0016000000000000000271007e001b71007e001971007e001a70707871007e000c707372003a6f72672e737072696e676672616d65776f726b2e73656375726974792e6f61757468322e70726f76696465722e4f41757468325265717565737400000000000000010200075a0008617070726f7665644c000b617574686f72697469657371007e00044c000a657874656e73696f6e7374000f4c6a6176612f7574696c2f4d61703b4c000b726564697265637455726971007e000e4c00077265667265736874003b4c6f72672f737072696e676672616d65776f726b2f73656375726974792f6f61757468322f70726f76696465722f546f6b656e526571756573743b4c000b7265736f7572636549647371007e000f4c000d726573706f6e7365547970657371007e000f787200386f72672e737072696e676672616d65776f726b2e73656375726974792e6f61757468322e70726f76696465722e426173655265717565737436287a3ea37169bd0200034c0008636c69656e74496471007e000e4c001172657175657374506172616d657465727371007e00204c000573636f706571007e000f7870740009636c69656e74617070737200256a6176612e7574696c2e436f6c6c656374696f6e7324556e6d6f6469666961626c654d6170f1a5a8fe74f507420200014c00016d71007e00207870737200116a6176612e7574696c2e486173684d61700507dac1c31660d103000246000a6c6f6164466163746f724900097468726573686f6c6478703f400000000000067708000000080000000474000a6772616e745f7479706574000870617373776f7264740009636c69656e745f6964740009636c69656e7461707074000573636f706574000a72656164207772697465740008757365726e616d6574000561646d696e78737200256a6176612e7574696c2e436f6c6c656374696f6e7324556e6d6f6469666961626c65536574801d92d18f9b80550200007871007e0009737200176a6176612e7574696c2e4c696e6b656448617368536574d86cd75a95dd2a1e020000787200116a6176612e7574696c2e48617368536574ba44859596b8b7340300007870770c000000103f4000000000000274000472656164740005777269746578017371007e0034770c000000103f40000000000001737200426f72672e737072696e676672616d65776f726b2e73656375726974792e636f72652e617574686f726974792e53696d706c654772616e746564417574686f72697479000000000000019a0200014c0004726f6c6571007e000e7870740009524f4c455f55534552787371007e00273f40000000000000770800000010000000007870707371007e0034770c000000103f40000000000000787371007e0034770c000000103f40000000000000787372004f6f72672e737072696e676672616d65776f726b2e73656375726974792e61757468656e7469636174696f6e2e557365726e616d6550617373776f726441757468656e7469636174696f6e546f6b656e000000000000019a0200024c000b63726564656e7469616c7371007e00054c00097072696e636970616c71007e00057871007e0003017371007e00077371007e000b0000000277040000000271007e001071007e001b7871007e0042737200176a6176612e7574696c2e4c696e6b6564486173684d617034c04e5c106cc0fb0200015a000b6163636573734f726465727871007e00273f4000000000000c7708000000100000000571007e002971007e002a71007e002d71007e002e74000d636c69656e745f73656372657474000561646d696e71007e002b71007e002c71007e002f71007e003078007073720052696f2e6769746875622e7069766f70696c2e726573742e73657276696365732e437573746f6d5573657244657461696c735365727669636524557365725265706f7369746f72795573657244657461696c7300000000000000010200007872002a696f2e6769746875622e7069766f70696c2e73686172652e656e7469746965732e696d706c2e5573657259b5776be96056b00200044c00056c6f67696e71007e000e4c00046e616d6571007e000e4c000870617373776f726471007e000e4c0005726f6c657371007e000f787074000561646d696e74000561646d696e74003c243261243133246d336c5635383841704b664250394c4e33594a37484f66574a3767325167363330494a4e316a76506864486a75376253426a7774537371007e001201ffffffff0001007371007e001600000000000000037371007e004871007e004a71007e004b71007e004c71007e004d740030696f2e6769746875622e7069766f70696c2e73686172652e656e7469746965732e696d706c2e557365722e726f6c657371007e001a7371007e00273f400000000000037708000000040000000271007e001071007e001071007e001b71007e001b787371007e0034770c000000103f4000000000000271007e001071007e001b78	a4275f888cedbe5a425cad020e883064
\.


--
-- Data for Name: oauth_refresh_token; Type: TABLE DATA; Schema: public; Owner: postgres
--

COPY oauth_refresh_token (token_id, token, authentication) FROM stdin;
19839c11a7c87bd396e2ca8f656bc7d6	\\xaced00057372004c6f72672e737072696e676672616d65776f726b2e73656375726974792e6f61757468322e636f6d6d6f6e2e44656661756c744578706972696e674f417574683252656672657368546f6b656e2fdf47639dd0c9b70200014c000a65787069726174696f6e7400104c6a6176612f7574696c2f446174653b787200446f72672e737072696e676672616d65776f726b2e73656375726974792e6f61757468322e636f6d6d6f6e2e44656661756c744f417574683252656672657368546f6b656e73e10e0a6354d45e0200014c000576616c75657400124c6a6176612f6c616e672f537472696e673b787074002464646363653461662d613530322d346432332d616331352d3561336262316434336365337372000e6a6176612e7574696c2e44617465686a81014b5974190300007870770800000159352375c278	\\xaced0005737200416f72672e737072696e676672616d65776f726b2e73656375726974792e6f61757468322e70726f76696465722e4f417574683241757468656e7469636174696f6ebd400b02166252130200024c000d73746f7265645265717565737474003c4c6f72672f737072696e676672616d65776f726b2f73656375726974792f6f61757468322f70726f76696465722f4f4175746832526571756573743b4c00127573657241757468656e7469636174696f6e7400324c6f72672f737072696e676672616d65776f726b2f73656375726974792f636f72652f41757468656e7469636174696f6e3b787200476f72672e737072696e676672616d65776f726b2e73656375726974792e61757468656e7469636174696f6e2e416273747261637441757468656e7469636174696f6e546f6b656ed3aa287e6e47640e0200035a000d61757468656e746963617465644c000b617574686f7269746965737400164c6a6176612f7574696c2f436f6c6c656374696f6e3b4c000764657461696c737400124c6a6176612f6c616e672f4f626a6563743b787000737200266a6176612e7574696c2e436f6c6c656374696f6e7324556e6d6f6469666961626c654c697374fc0f2531b5ec8e100200014c00046c6973747400104c6a6176612f7574696c2f4c6973743b7872002c6a6176612e7574696c2e436f6c6c656374696f6e7324556e6d6f6469666961626c65436f6c6c656374696f6e19420080cb5ef71e0200014c00016371007e00047870737200136a6176612e7574696c2e41727261794c6973747881d21d99c7619d03000149000473697a657870000000027704000000027372002a696f2e6769746875622e7069766f70696c2e73686172652e656e7469746965732e696d706c2e526f6c6500000000000000010200024c00046e616d657400124c6a6176612f6c616e672f537472696e673b4c0005757365727374000f4c6a6176612f7574696c2f5365743b7870740009524f4c455f555345527372002f6f72672e68696265726e6174652e636f6c6c656374696f6e2e696e7465726e616c2e50657273697374656e7453657486e4fda1f2eee0af0200014c000373657471007e000f7872003e6f72672e68696265726e6174652e636f6c6c656374696f6e2e696e7465726e616c2e416273747261637450657273697374656e74436f6c6c656374696f6e627400d05f55733c02000a5a001b616c6c6f774c6f61644f7574736964655472616e73616374696f6e49000a63616368656453697a655a000564697274795a000b696e697469616c697a65645a000d697354656d7053657373696f6e4c00036b65797400164c6a6176612f696f2f53657269616c697a61626c653b4c00056f776e657271007e00054c0004726f6c6571007e000e4c001273657373696f6e466163746f72795575696471007e000e4c000e73746f726564536e617073686f7471007e0014787001ffffffff0000007372000e6a6176612e6c616e672e4c6f6e673b8be490cc8f23df0200014a000576616c7565787200106a6176612e6c616e672e4e756d62657286ac951d0b94e08b0200007870000000000000000171007e0010740030696f2e6769746875622e7069766f70696c2e73686172652e656e7469746965732e696d706c2e526f6c652e757365727374002435646461313835612d656632652d343237312d393138342d39623430633861386534653370707371007e000d74000a524f4c455f41444d494e7371007e001201ffffffff0000007371007e0016000000000000000271007e001b71007e001971007e001a70707871007e000c707372003a6f72672e737072696e676672616d65776f726b2e73656375726974792e6f61757468322e70726f76696465722e4f41757468325265717565737400000000000000010200075a0008617070726f7665644c000b617574686f72697469657371007e00044c000a657874656e73696f6e7374000f4c6a6176612f7574696c2f4d61703b4c000b726564697265637455726971007e000e4c00077265667265736874003b4c6f72672f737072696e676672616d65776f726b2f73656375726974792f6f61757468322f70726f76696465722f546f6b656e526571756573743b4c000b7265736f7572636549647371007e000f4c000d726573706f6e7365547970657371007e000f787200386f72672e737072696e676672616d65776f726b2e73656375726974792e6f61757468322e70726f76696465722e426173655265717565737436287a3ea37169bd0200034c0008636c69656e74496471007e000e4c001172657175657374506172616d657465727371007e00204c000573636f706571007e000f7870740009636c69656e74617070737200256a6176612e7574696c2e436f6c6c656374696f6e7324556e6d6f6469666961626c654d6170f1a5a8fe74f507420200014c00016d71007e00207870737200116a6176612e7574696c2e486173684d61700507dac1c31660d103000246000a6c6f6164466163746f724900097468726573686f6c6478703f400000000000067708000000080000000474000a6772616e745f7479706574000870617373776f7264740009636c69656e745f6964740009636c69656e7461707074000573636f706574000a72656164207772697465740008757365726e616d657400047573657278737200256a6176612e7574696c2e436f6c6c656374696f6e7324556e6d6f6469666961626c65536574801d92d18f9b80550200007871007e0009737200176a6176612e7574696c2e4c696e6b656448617368536574d86cd75a95dd2a1e020000787200116a6176612e7574696c2e48617368536574ba44859596b8b7340300007870770c000000103f4000000000000274000472656164740005777269746578017371007e0034770c000000103f40000000000001737200426f72672e737072696e676672616d65776f726b2e73656375726974792e636f72652e617574686f726974792e53696d706c654772616e746564417574686f72697479000000000000019a0200014c0004726f6c6571007e000e7870740009524f4c455f55534552787371007e00273f40000000000000770800000010000000007870707371007e0034770c000000103f40000000000000787371007e0034770c000000103f40000000000000787372004f6f72672e737072696e676672616d65776f726b2e73656375726974792e61757468656e7469636174696f6e2e557365726e616d6550617373776f726441757468656e7469636174696f6e546f6b656e000000000000019a0200024c000b63726564656e7469616c7371007e00054c00097072696e636970616c71007e00057871007e0003017371007e00077371007e000b0000000277040000000271007e001071007e001b7871007e0042737200176a6176612e7574696c2e4c696e6b6564486173684d617034c04e5c106cc0fb0200015a000b6163636573734f726465727871007e00273f4000000000000c7708000000100000000571007e002971007e002a71007e002d71007e002e74000d636c69656e745f73656372657474000561646d696e71007e002b71007e002c71007e002f71007e003078007073720052696f2e6769746875622e7069766f70696c2e726573742e73657276696365732e437573746f6d5573657244657461696c735365727669636524557365725265706f7369746f72795573657244657461696c7300000000000000010200007872002a696f2e6769746875622e7069766f70696c2e73686172652e656e7469746965732e696d706c2e5573657259b5776be96056b00200044c00056c6f67696e71007e000e4c00046e616d6571007e000e4c000870617373776f726471007e000e4c0005726f6c657371007e000f7870740004757365727400047573657274003c243261243133246d336c5635383841704b664250394c4e33594a37484f66574a3767325167363330494a4e316a76506864486a75376253426a7774537371007e001201ffffffff0001007371007e001600000000000000047371007e004871007e004a71007e004b71007e004c71007e004d740030696f2e6769746875622e7069766f70696c2e73686172652e656e7469746965732e696d706c2e557365722e726f6c657371007e001a7371007e00273f400000000000037708000000040000000271007e001071007e001071007e001b71007e001b787371007e0034770c000000103f4000000000000271007e001071007e001b78
a4275f888cedbe5a425cad020e883064	\\xaced00057372004c6f72672e737072696e676672616d65776f726b2e73656375726974792e6f61757468322e636f6d6d6f6e2e44656661756c744578706972696e674f417574683252656672657368546f6b656e2fdf47639dd0c9b70200014c000a65787069726174696f6e7400104c6a6176612f7574696c2f446174653b787200446f72672e737072696e676672616d65776f726b2e73656375726974792e6f61757468322e636f6d6d6f6e2e44656661756c744f417574683252656672657368546f6b656e73e10e0a6354d45e0200014c000576616c75657400124c6a6176612f6c616e672f537472696e673b787074002434646639316365332d373537622d346432312d613137312d6130333633623765326530317372000e6a6176612e7574696c2e44617465686a81014b5974190300007870770800000159352be63b78	\\xaced0005737200416f72672e737072696e676672616d65776f726b2e73656375726974792e6f61757468322e70726f76696465722e4f417574683241757468656e7469636174696f6ebd400b02166252130200024c000d73746f7265645265717565737474003c4c6f72672f737072696e676672616d65776f726b2f73656375726974792f6f61757468322f70726f76696465722f4f4175746832526571756573743b4c00127573657241757468656e7469636174696f6e7400324c6f72672f737072696e676672616d65776f726b2f73656375726974792f636f72652f41757468656e7469636174696f6e3b787200476f72672e737072696e676672616d65776f726b2e73656375726974792e61757468656e7469636174696f6e2e416273747261637441757468656e7469636174696f6e546f6b656ed3aa287e6e47640e0200035a000d61757468656e746963617465644c000b617574686f7269746965737400164c6a6176612f7574696c2f436f6c6c656374696f6e3b4c000764657461696c737400124c6a6176612f6c616e672f4f626a6563743b787000737200266a6176612e7574696c2e436f6c6c656374696f6e7324556e6d6f6469666961626c654c697374fc0f2531b5ec8e100200014c00046c6973747400104c6a6176612f7574696c2f4c6973743b7872002c6a6176612e7574696c2e436f6c6c656374696f6e7324556e6d6f6469666961626c65436f6c6c656374696f6e19420080cb5ef71e0200014c00016371007e00047870737200136a6176612e7574696c2e41727261794c6973747881d21d99c7619d03000149000473697a657870000000027704000000027372002a696f2e6769746875622e7069766f70696c2e73686172652e656e7469746965732e696d706c2e526f6c6500000000000000010200024c00046e616d657400124c6a6176612f6c616e672f537472696e673b4c0005757365727374000f4c6a6176612f7574696c2f5365743b7870740009524f4c455f555345527372002f6f72672e68696265726e6174652e636f6c6c656374696f6e2e696e7465726e616c2e50657273697374656e7453657486e4fda1f2eee0af0200014c000373657471007e000f7872003e6f72672e68696265726e6174652e636f6c6c656374696f6e2e696e7465726e616c2e416273747261637450657273697374656e74436f6c6c656374696f6e627400d05f55733c02000a5a001b616c6c6f774c6f61644f7574736964655472616e73616374696f6e49000a63616368656453697a655a000564697274795a000b696e697469616c697a65645a000d697354656d7053657373696f6e4c00036b65797400164c6a6176612f696f2f53657269616c697a61626c653b4c00056f776e657271007e00054c0004726f6c6571007e000e4c001273657373696f6e466163746f72795575696471007e000e4c000e73746f726564536e617073686f7471007e0014787001ffffffff0000007372000e6a6176612e6c616e672e4c6f6e673b8be490cc8f23df0200014a000576616c7565787200106a6176612e6c616e672e4e756d62657286ac951d0b94e08b0200007870000000000000000171007e0010740030696f2e6769746875622e7069766f70696c2e73686172652e656e7469746965732e696d706c2e526f6c652e757365727374002438366466623666362d316566372d346531632d383137312d63613435326264623739373070707371007e000d74000a524f4c455f41444d494e7371007e001201ffffffff0000007371007e0016000000000000000271007e001b71007e001971007e001a70707871007e000c707372003a6f72672e737072696e676672616d65776f726b2e73656375726974792e6f61757468322e70726f76696465722e4f41757468325265717565737400000000000000010200075a0008617070726f7665644c000b617574686f72697469657371007e00044c000a657874656e73696f6e7374000f4c6a6176612f7574696c2f4d61703b4c000b726564697265637455726971007e000e4c00077265667265736874003b4c6f72672f737072696e676672616d65776f726b2f73656375726974792f6f61757468322f70726f76696465722f546f6b656e526571756573743b4c000b7265736f7572636549647371007e000f4c000d726573706f6e7365547970657371007e000f787200386f72672e737072696e676672616d65776f726b2e73656375726974792e6f61757468322e70726f76696465722e426173655265717565737436287a3ea37169bd0200034c0008636c69656e74496471007e000e4c001172657175657374506172616d657465727371007e00204c000573636f706571007e000f7870740009636c69656e74617070737200256a6176612e7574696c2e436f6c6c656374696f6e7324556e6d6f6469666961626c654d6170f1a5a8fe74f507420200014c00016d71007e00207870737200116a6176612e7574696c2e486173684d61700507dac1c31660d103000246000a6c6f6164466163746f724900097468726573686f6c6478703f400000000000067708000000080000000474000a6772616e745f7479706574000870617373776f7264740009636c69656e745f6964740009636c69656e7461707074000573636f706574000a72656164207772697465740008757365726e616d6574000561646d696e78737200256a6176612e7574696c2e436f6c6c656374696f6e7324556e6d6f6469666961626c65536574801d92d18f9b80550200007871007e0009737200176a6176612e7574696c2e4c696e6b656448617368536574d86cd75a95dd2a1e020000787200116a6176612e7574696c2e48617368536574ba44859596b8b7340300007870770c000000103f4000000000000274000472656164740005777269746578017371007e0034770c000000103f40000000000001737200426f72672e737072696e676672616d65776f726b2e73656375726974792e636f72652e617574686f726974792e53696d706c654772616e746564417574686f72697479000000000000019a0200014c0004726f6c6571007e000e7870740009524f4c455f55534552787371007e00273f40000000000000770800000010000000007870707371007e0034770c000000103f40000000000000787371007e0034770c000000103f40000000000000787372004f6f72672e737072696e676672616d65776f726b2e73656375726974792e61757468656e7469636174696f6e2e557365726e616d6550617373776f726441757468656e7469636174696f6e546f6b656e000000000000019a0200024c000b63726564656e7469616c7371007e00054c00097072696e636970616c71007e00057871007e0003017371007e00077371007e000b0000000277040000000271007e001071007e001b7871007e0042737200176a6176612e7574696c2e4c696e6b6564486173684d617034c04e5c106cc0fb0200015a000b6163636573734f726465727871007e00273f4000000000000c7708000000100000000571007e002971007e002a71007e002d71007e002e74000d636c69656e745f73656372657474000561646d696e71007e002b71007e002c71007e002f71007e003078007073720052696f2e6769746875622e7069766f70696c2e726573742e73657276696365732e437573746f6d5573657244657461696c735365727669636524557365725265706f7369746f72795573657244657461696c7300000000000000010200007872002a696f2e6769746875622e7069766f70696c2e73686172652e656e7469746965732e696d706c2e5573657259b5776be96056b00200044c00056c6f67696e71007e000e4c00046e616d6571007e000e4c000870617373776f726471007e000e4c0005726f6c657371007e000f787074000561646d696e74000561646d696e74003c243261243133246d336c5635383841704b664250394c4e33594a37484f66574a3767325167363330494a4e316a76506864486a75376253426a7774537371007e001201ffffffff0001007371007e001600000000000000037371007e004871007e004a71007e004b71007e004c71007e004d740030696f2e6769746875622e7069766f70696c2e73686172652e656e7469746965732e696d706c2e557365722e726f6c657371007e001a7371007e00273f400000000000037708000000040000000271007e001071007e001071007e001b71007e001b787371007e0034770c000000103f4000000000000271007e001071007e001b78
\.


--
-- Data for Name: personal_post; Type: TABLE DATA; Schema: public; Owner: postgres
--

COPY personal_post (id, created, updated, title) FROM stdin;
1	\N	\N	Custom post #1 from user
2	\N	\N	Custom post #2 from user
3	\N	\N	Custom post #3 from user
\.


--
-- Data for Name: public_post; Type: TABLE DATA; Schema: public; Owner: postgres
--

COPY public_post (id, created, updated, title) FROM stdin;
1	\N	\N	Custom post #1 from public
2	\N	\N	Custom post #2 from public
3	\N	\N	Custom post #3 from public
\.


--
-- Data for Name: role; Type: TABLE DATA; Schema: public; Owner: postgres
--

COPY role (id, created, updated, name) FROM stdin;
1	2016-06-24 10:30:01.135	\N	ROLE_USER
2	2016-06-24 10:30:01.354	\N	ROLE_ADMIN
\.


--
-- Data for Name: user_role; Type: TABLE DATA; Schema: public; Owner: postgres
--

COPY user_role (user_id, role_id) FROM stdin;
3	1
3	2
4	1
4	2
5	1
5	2
\.


--
-- Data for Name: user_table; Type: TABLE DATA; Schema: public; Owner: postgres
--

COPY user_table (id, created, updated, login, name, password) FROM stdin;
3	2016-06-24 10:30:01.907	\N	admin	admin	$2a$13$m3lV588ApKfBP9LN3YJ7HOfWJ7g2Qg630IJN1jvPhdHju7bSBjwtS
4	2016-06-24 10:30:01.907	\N	user	user	$2a$13$m3lV588ApKfBP9LN3YJ7HOfWJ7g2Qg630IJN1jvPhdHju7bSBjwtS
5	2016-06-24 10:30:01.907	\N	visitor	visitor	$2a$13$m3lV588ApKfBP9LN3YJ7HOfWJ7g2Qg630IJN1jvPhdHju7bSBjwtS
\.


--
-- Data for Name: BLOBS; Type: BLOBS; Schema: -; Owner: 
--

SET search_path = pg_catalog;

BEGIN;

SELECT pg_catalog.lo_open('80338', 131072);
SELECT pg_catalog.lowrite(0, '\xaced00057372003a696f2e6769746875622e7069766f70696c2e73686172652e656e7469746965732e696d706c2e77732e53657373696f6e41747472696275746573276a5951ea8184760200014c000a6174747269627574657374000f4c6a6176612f7574696c2f4d61703b7870737200116a6176612e7574696c2e486173684d61700507dac1c31660d103000246000a6c6f6164466163746f724900097468726573686f6c6478703f400000000000007708000000100000000078');
SELECT pg_catalog.lo_close(0);

COMMIT;

SET search_path = public, pg_catalog;

--
-- Name: acl_class acl_class_pkey; Type: CONSTRAINT; Schema: public; Owner: postgres
--

ALTER TABLE ONLY acl_class
    ADD CONSTRAINT acl_class_pkey PRIMARY KEY (id);


--
-- Name: acl_entry acl_entry_pkey; Type: CONSTRAINT; Schema: public; Owner: postgres
--

ALTER TABLE ONLY acl_entry
    ADD CONSTRAINT acl_entry_pkey PRIMARY KEY (id);


--
-- Name: acl_object_identity acl_object_identity_pkey; Type: CONSTRAINT; Schema: public; Owner: postgres
--

ALTER TABLE ONLY acl_object_identity
    ADD CONSTRAINT acl_object_identity_pkey PRIMARY KEY (id);


--
-- Name: acl_sid acl_sid_pkey; Type: CONSTRAINT; Schema: public; Owner: postgres
--

ALTER TABLE ONLY acl_sid
    ADD CONSTRAINT acl_sid_pkey PRIMARY KEY (id);


--
-- Name: active_web_socket_user active_web_socket_user_pkey; Type: CONSTRAINT; Schema: public; Owner: postgres
--

ALTER TABLE ONLY active_web_socket_user
    ADD CONSTRAINT active_web_socket_user_pkey PRIMARY KEY (id);


--
-- Name: admin_post admin_post_pkey; Type: CONSTRAINT; Schema: public; Owner: postgres
--

ALTER TABLE ONLY admin_post
    ADD CONSTRAINT admin_post_pkey PRIMARY KEY (id);


--
-- Name: custom_oauth_client_details custom_oauth_client_details_pkey; Type: CONSTRAINT; Schema: public; Owner: postgres
--

ALTER TABLE ONLY custom_oauth_client_details
    ADD CONSTRAINT custom_oauth_client_details_pkey PRIMARY KEY (id);


--
-- Name: personal_post personal_post_pkey; Type: CONSTRAINT; Schema: public; Owner: postgres
--

ALTER TABLE ONLY personal_post
    ADD CONSTRAINT personal_post_pkey PRIMARY KEY (id);


--
-- Name: public_post public_post_pkey; Type: CONSTRAINT; Schema: public; Owner: postgres
--

ALTER TABLE ONLY public_post
    ADD CONSTRAINT public_post_pkey PRIMARY KEY (id);


--
-- Name: role role_pkey; Type: CONSTRAINT; Schema: public; Owner: postgres
--

ALTER TABLE ONLY role
    ADD CONSTRAINT role_pkey PRIMARY KEY (id);


--
-- Name: custom_oauth_client_details uk_a0dkea7wdosvm2eqqbgoo0fel; Type: CONSTRAINT; Schema: public; Owner: postgres
--

ALTER TABLE ONLY custom_oauth_client_details
    ADD CONSTRAINT uk_a0dkea7wdosvm2eqqbgoo0fel UNIQUE (client_id);


--
-- Name: user_table uk_ar6j86y9fnnvgw0mme98oyf51; Type: CONSTRAINT; Schema: public; Owner: postgres
--

ALTER TABLE ONLY user_table
    ADD CONSTRAINT uk_ar6j86y9fnnvgw0mme98oyf51 UNIQUE (login);


--
-- Name: acl_sid unique_uk_1; Type: CONSTRAINT; Schema: public; Owner: postgres
--

ALTER TABLE ONLY acl_sid
    ADD CONSTRAINT unique_uk_1 UNIQUE (sid, principal);


--
-- Name: acl_class unique_uk_2; Type: CONSTRAINT; Schema: public; Owner: postgres
--

ALTER TABLE ONLY acl_class
    ADD CONSTRAINT unique_uk_2 UNIQUE (class);


--
-- Name: acl_object_identity unique_uk_3; Type: CONSTRAINT; Schema: public; Owner: postgres
--

ALTER TABLE ONLY acl_object_identity
    ADD CONSTRAINT unique_uk_3 UNIQUE (object_id_class, object_id_identity);


--
-- Name: acl_entry unique_uk_4; Type: CONSTRAINT; Schema: public; Owner: postgres
--

ALTER TABLE ONLY acl_entry
    ADD CONSTRAINT unique_uk_4 UNIQUE (acl_object_identity, ace_order);


--
-- Name: user_role user_role_pkey; Type: CONSTRAINT; Schema: public; Owner: postgres
--

ALTER TABLE ONLY user_role
    ADD CONSTRAINT user_role_pkey PRIMARY KEY (user_id, role_id);


--
-- Name: user_table user_table_pkey; Type: CONSTRAINT; Schema: public; Owner: postgres
--

ALTER TABLE ONLY user_table
    ADD CONSTRAINT user_table_pkey PRIMARY KEY (id);


--
-- Name: user_role fk5cwpllhe458f6j6fb7rmhfyt2; Type: FK CONSTRAINT; Schema: public; Owner: postgres
--

ALTER TABLE ONLY user_role
    ADD CONSTRAINT fk5cwpllhe458f6j6fb7rmhfyt2 FOREIGN KEY (user_id) REFERENCES user_table(id);


--
-- Name: user_role fk_apcc8lxk2xnug8377fatvbn04; Type: FK CONSTRAINT; Schema: public; Owner: postgres
--

ALTER TABLE ONLY user_role
    ADD CONSTRAINT fk_apcc8lxk2xnug8377fatvbn04 FOREIGN KEY (user_id) REFERENCES user_table(id);


--
-- Name: user_role fk_it77eq964jhfqtu54081ebtio; Type: FK CONSTRAINT; Schema: public; Owner: postgres
--

ALTER TABLE ONLY user_role
    ADD CONSTRAINT fk_it77eq964jhfqtu54081ebtio FOREIGN KEY (role_id) REFERENCES role(id);


--
-- Name: user_role fka68196081fvovjhkek5m97n3y; Type: FK CONSTRAINT; Schema: public; Owner: postgres
--

ALTER TABLE ONLY user_role
    ADD CONSTRAINT fka68196081fvovjhkek5m97n3y FOREIGN KEY (role_id) REFERENCES role(id);


--
-- Name: acl_object_identity foreign_fk_1; Type: FK CONSTRAINT; Schema: public; Owner: postgres
--

ALTER TABLE ONLY acl_object_identity
    ADD CONSTRAINT foreign_fk_1 FOREIGN KEY (parent_object) REFERENCES acl_object_identity(id);


--
-- Name: acl_object_identity foreign_fk_2; Type: FK CONSTRAINT; Schema: public; Owner: postgres
--

ALTER TABLE ONLY acl_object_identity
    ADD CONSTRAINT foreign_fk_2 FOREIGN KEY (object_id_class) REFERENCES acl_class(id);


--
-- Name: acl_object_identity foreign_fk_3; Type: FK CONSTRAINT; Schema: public; Owner: postgres
--

ALTER TABLE ONLY acl_object_identity
    ADD CONSTRAINT foreign_fk_3 FOREIGN KEY (owner_sid) REFERENCES acl_sid(id);


--
-- Name: acl_entry foreign_fk_4; Type: FK CONSTRAINT; Schema: public; Owner: postgres
--

ALTER TABLE ONLY acl_entry
    ADD CONSTRAINT foreign_fk_4 FOREIGN KEY (acl_object_identity) REFERENCES acl_object_identity(id);


--
-- Name: acl_entry foreign_fk_5; Type: FK CONSTRAINT; Schema: public; Owner: postgres
--

ALTER TABLE ONLY acl_entry
    ADD CONSTRAINT foreign_fk_5 FOREIGN KEY (sid) REFERENCES acl_sid(id);


--
-- PostgreSQL database dump complete
--

